[
  {
    "id": 1,
    "task": "Multi-tiered discrete architecture"
  },
  {
    "id": 2,
    "task": "Multi-channelled national implementation"
  },
  {
    "id": 3,
    "task": "Seamless full-range utilisation"
  },
  {
    "id": 4,
    "task": "Quality-focused leading edge projection"
  },
  {
    "id": 5,
    "task": "Profound dynamic leverage"
  },
  {
    "id": 6,
    "task": "Up-sized dynamic artificial intelligence"
  },
  {
    "id": 8,
    "task": "Wake up early"
  },
  {
    "id": 9,
    "task": "Optimized bandwidth-monitored neural-net"
  },
  {
    "id": 10,
    "task": "Updated Task Description"
  },
  {
    "id": 11,
    "task": "Study with Nitesh Sir"
  },
  {
    "id": 12,
    "task": "Prepare for Viva"
  }
]